{"timea": [2.3508, 2.86806, 4.5993200000000005, 5.971800000000001, 7.92246, 10.67814, 12.2124, 15.65862, 17.633799999999997, 21.358780000000003, 23.5779, 27.413379999999997, 32.719879999999996, 35.5819, 38.94948, 43.27759999999999, 48.78625999999999, 54.37147999999999], "timeb": [2.6412400000000003, 3.0085, 3.8384200000000006, 4.886480000000001, 6.053039999999999, 7.4207399999999994, 8.63452, 10.57134, 11.604280000000001, 14.952960000000001, 16.8182, 19.286199999999997, 22.28362, 23.27212, 26.3299, 29.630260000000003, 31.901320000000002, 34.66533999999999], "timec": [0.890036498008511, 0.9533189296991855, 1.1982326061243949, 1.2221067107611205, 1.3088398556758258, 1.4389589178437732, 1.4143692990461543, 1.4812332211432044, 1.5195944944451527, 1.4283981231809624, 1.4019276735917041, 1.421398720328525, 1.4683377296866487, 1.5289496616552336, 1.4792870462857817, 1.4605879259918741, 1.5292865624369145, 1.568468100990788]}