{"timea": [12.24865, 20.0995, 33.075149999999994, 45.888549999999995, 64.0629, 82.3193, 112.70374999999999, 131.51254999999998, 162.74095, 190.8222, 235.00675, 261.35725, 299.42825000000005, 338.36035000000004, 404.2381, 418.1028], "timeb": [17.49965, 33.3226, 55.5311, 83.9223, 128.64075, 189.32455, 258.70590000000004, 323.35720000000003, 415.7945500000001, 490.4371, 591.65155, 684.0858000000001, 803.8176500000001, 928.5679999999999, 1129.6075, 1193.67675], "timec": [0.6999368558799748, 0.6031792237100346, 0.5956148896744345, 0.5467980501011053, 0.4979984958110086, 0.4348052061922239, 0.4356442972502752, 0.40670982430575214, 0.39139750629247055, 0.38908598064869077, 0.3972046553414759, 0.3820533184580063, 0.37250768255710737, 0.3643894146686081, 0.35785713179135226, 0.3502646759267113]}