{"timea": [0.15353, 0.15063000000000001, 0.13259, 0.1659, 0.27538, 0.32277, 0.73441, 0.9197, 1.4657999999999998, 1.77065, 2.13521, 2.18452, 2.46469, 2.93702, 3.44582, 3.95398, 4.617240000000001, 5.131900000000001, 5.4406, 6.7468200000000005, 7.404249999999999, 6.894010000000001, 7.50267, 8.04558, 9.68076, 9.546980000000001, 10.06141, 12.239949999999999, 11.837150000000001, 12.41156, 13.4044, 14.171320000000001, 14.85476, 16.91832, 19.339170000000003, 20.901960000000003, 21.550769999999996, 22.06212, 23.137690000000003], "timeb": [0.49251999999999996, 0.40340000000000004, 0.52194, 0.45743, 0.51332, 0.6512399999999999, 0.87625, 1.12443, 1.4747899999999998, 1.61947, 1.83164, 2.28689, 2.46262, 2.8769299999999998, 3.20949, 3.7024, 4.19472, 4.4873400000000006, 4.99108, 5.56081, 6.16129, 6.515750000000001, 7.0361, 7.65058, 8.07656, 9.11477, 9.55894, 10.52395, 10.937170000000002, 11.66259, 12.468589999999999, 12.96411, 14.06333, 15.16494, 16.18619, 16.98788, 17.84443, 19.32995, 20.16041], "timec": [0.3117233817916024, 0.3734010907288052, 0.25403303061654603, 0.36267844260323984, 0.5364684797007715, 0.4956237331859223, 0.8381283880171184, 0.8179255267113115, 0.9939042168715545, 1.093351528586513, 1.165736716822083, 0.9552361504051353, 1.000840568175358, 1.0208868481332531, 1.0736347519387814, 1.067950518582541, 1.1007266277606134, 1.1436396618040978, 1.0900646753808794, 1.2132800797006191, 1.2017369739129304, 1.0580531788358976, 1.066310882449084, 1.051630072491236, 1.1986241667244468, 1.0474186402948182, 1.0525654518178795, 1.163056646981409, 1.0822863684115727, 1.0642198688284505, 1.0750533941688676, 1.0931193888357937, 1.0562761451235234, 1.1156206354921288, 1.1947944513193038, 1.2304042646875302, 1.2077029078541595, 1.1413438731088286, 1.1476795362792722]}