{"timea": [0.17645, 0.16722, 0.17904, 0.3154, 0.28160999999999997, 0.58111, 0.89333, 1.08542, 1.3034000000000001, 1.60853, 1.90417, 2.4542699999999997, 3.0385699999999995, 3.27078, 3.6379, 3.9108300000000003, 4.52665, 5.21664, 5.731330000000001, 7.03649, 6.853320000000001, 7.5321299999999995, 8.448, 8.76616, 9.73639, 10.58733, 11.420440000000001, 12.148509999999998, 12.756639999999999, 14.02633, 14.99184, 15.734580000000001, 16.604779999999998, 17.38346, 18.39839, 20.851909999999997, 21.00328, 23.44744, 24.334210000000002], "timeb": [0.42996, 0.35736999999999997, 0.4177, 0.46389, 0.52936, 0.53156, 0.7147399999999999, 0.8386100000000001, 0.8351400000000001, 0.9814499999999999, 1.13006, 1.3978199999999998, 1.51234, 1.52189, 1.83294, 2.15078, 2.21565, 3.00082, 3.2563599999999995, 3.3600600000000003, 3.41796, 3.8567400000000003, 4.29668, 4.3165, 4.53642, 5.03377, 5.43686, 5.7540700000000005, 6.146420000000001, 6.514729999999999, 6.92193, 7.2937, 7.951890000000001, 8.19115, 8.76749, 8.87696, 9.6826, 9.86448, 10.36714], "timec": [0.41038701274537165, 0.4679184038951228, 0.4286329901843428, 0.6799025631076333, 0.531982016019344, 1.093216193844533, 1.2498670845342363, 1.2943084389644768, 1.5606964101827239, 1.6389321921646545, 1.6850167247756755, 1.7557840065244452, 2.0091844426517844, 2.149156640755902, 1.9847349067618145, 1.8183310240935846, 2.043034775348092, 1.73840483601149, 1.7600418872606227, 2.0941560567370816, 2.005090755889478, 1.9529784221907618, 1.966169228334435, 2.030849067531565, 2.146271729689932, 2.1032605780558113, 2.100558042693761, 2.111289921742349, 2.075458559616817, 2.153017853387631, 2.165846808621295, 2.1572836831786337, 2.088155142991163, 2.1222245960579404, 2.0984785839504805, 2.3489922225626785, 2.1691777002044903, 2.3769565146870386, 2.347244273734126]}